OBJECTID,Provider_Type_Code,Description
1,001,ADULT DAY HEALTH CARE CENTERS
2,002,ASSISTIVE DEVICE AND SICK ROOM SUPPLY DEALERS
3,003,AUDIOLOGISTS
4,004,BLOOD BANKS
5,005,CERTIFIED NURSE MIDWIFE
6,006,CHIROPRACTORS
7,007,CERTIFIED NURSE PRACTIONER
8,008,CHRISTIAN SCIENCE PRACTIONER
9,009,CLINICAL LABORATORIES
10,010,GROUP CERTIFIED NURSE PRACTITIONER
11,011,FABRICATING OPTICAL LABORATORY
12,012,DISPENSING OPTICIANS
13,013,HEARING AID DISPENSERS
14,014,HOME HEALTH AGENCIES
15,015,COMMUNITY OUTPATIENT HOSPITAL
16,016,COMMUNITY INPATIENT HOSPITAL
17,017,LONG TERM CARE FACILITY
18,018,NURSE ANESTHETISTS
19,019,OCCUPATIONAL THERAPISTS
20,020,OPTOMETRISTS
21,021,ORTHOTISTS
22,022,PHYSICIANS GROUP
23,023,GROUP OPTOMETRISTS
24,024,PHARMACIES/PHARMACISTS
25,025,PHYSICAL THERAPISTS
26,026,PHYSICIANS
27,027,PODIATRISTS
28,028,PORTABLE X-RAY
29,029,PROSTHETISTS
30,030,GROUND MEDICAL TRANSPORTATION
31,031,PSYCHOLOGISTS
32,032,CERTIFIED ACUPUNCTURIST
33,033,GENETIC DISEASE TESTING
34,034,MEDICARE CROSSOVER PROVIDER ONLY
35,035,RURAL HEALTH CLINICS/FEDERALLY QUALIFIED HEALTH CENTER
36,037,SPEECH THERAPISTS
37,038,AIR AMBULANCE TRANSPORTATION SERVICES
38,039,CERTIFIED HOSPICE
39,040,FREE CLINIC
40,041,COMMUNITY CLINIC
41,042,CHRONIC DIALYSIS CLINIC
42,043,MULTISPECIALTY CLINIC
43,044,SURGICAL CLINIC
44,045,CLINIC EXEMP FROM LICENSURE
45,046,REHABILITATION CLINIC
46,048,COUNTY CLINICS NOT ASSOCIATED WITH HOSPITAL
47,049,BIRTHING CENTER SERVICES
48,050,OTHERWISE UNDESIGNATED CLINIC
49,051,OUTPATIENT HEROIN DETOX CENTER
50,052,ALTERNATIVE BIRTH CENTERS - SPECIALTY CLINIC
51,053,EVERY WOMAN COUNTS
52,054,EXPANDED ACCESS TO PRIMARY CARE
53,055,LOCAL EDUCATION AGENCY
54,056,RESPIRATORY CARE PRACTITIONER
55,057,"Early and Periodic Screening, Diagnosis, and Treatment Supplemental Services Provider"
56,058,HEALTH ACCESS PROGRAM
57,059,HOME AND COMMUNITY BASED SERVICES NURSING FACILITY
58,060,COUNTY HOSPITAL INPATIENT
59,061,COUNTY HOSPITAL OUTPATIENT
60,062,GROUP RESPIRATORY CARE PRACTITIONERS
61,063,LICENCED BUILDING CONTRACTORS
62,064,EMPLOYMENT AGENCY
63,065,PEDIATRIC SUBACUTE CARE/LTC
64,066,PERSONAL CARE AGENCY
65,067,RVNS INDIVIDUAL  NURSE PROVIDERS
66,068,HCBC BENEFIT PROVIDER
67,069,PROFESSIONAL CORPORATION
68,070,LICENSED CLINICAL SOCIAL WORKER INDIVIDUAL
69,071,LICENSED CLINICAL SOCIAL WORKER GROUP
70,072,MENTAL HEALTH INPATIENT SERVICES
71,073,AIDS WAIVER SERVICES
72,074,MULTIPURPOSE SENIOR SERVICES PROGRAM
73,075,INDIAN HEALTH SERVICES/MEMORANDUM OF AGREEMENT
74,076,DRUG MEDI-CAL
75,077,MARRIAGE AND FAMILY THERAPIST INDIVIDUAL
76,078,MARRIAGE AND FAMILY THERAPIST GROUP
77,080,CA Children’s Services/Genetically Handicapped Persons Program Non-Institutional
78,081,CA Children’s Services/Genetically Handicapped Persons Program Institutional
79,084,INDEPENDENT DIAGNOSTIC TESTING FACILITY XOVER PROV ONLY
80,085,CLINICAL NURSE SPECIALIST X-OVER PROVIDER ONLY
81,086,MEDICAL DIRECTORS
82,087,LICENSED PROFESSIONALS
83,089,ELECTRONIC HEALTH RECORD INCENTIVE PROGRAM
84,090,OUT OF STATE
85,092,RESIDENTIAL CARE FACILITIES FOR THE ELDERLY (RCFE)
86,093,CARE COORDINATOR (CCA).
87,095,PRIVATE NON-PROFIT PROPRIETARY AGENCY
